{
  "version": "1.0.0",
  "last_updated": "2024-12-11",
  "mcps": [
    {
      "id": "anthropic-filesystem",
      "name": "Filesystem",
      "provider": "Anthropic",
      "package": "@anthropic/mcp-server-filesystem",
      "type": "official",
      "capabilities": ["file-read", "file-write", "directory-list"],
      "risk_level": "high",
      "verified": true,
      "documentation": "https://github.com/anthropics/mcp-servers"
    },
    {
      "id": "anthropic-github",
      "name": "GitHub",
      "provider": "Anthropic",
      "package": "@anthropic/mcp-server-github",
      "type": "official",
      "capabilities": ["repo-read", "repo-write", "issue-read", "issue-write", "pr-read", "pr-write"],
      "risk_level": "high",
      "verified": true,
      "documentation": "https://github.com/anthropics/mcp-servers"
    },
    {
      "id": "anthropic-postgres",
      "name": "PostgreSQL",
      "provider": "Anthropic",
      "package": "@anthropic/mcp-server-postgres",
      "type": "official",
      "capabilities": ["database-read", "database-write", "query-execute"],
      "risk_level": "critical",
      "verified": true,
      "documentation": "https://github.com/anthropics/mcp-servers"
    },
    {
      "id": "anthropic-slack",
      "name": "Slack",
      "provider": "Anthropic",
      "package": "@anthropic/mcp-server-slack",
      "type": "official",
      "capabilities": ["message-read", "message-write", "channel-list"],
      "risk_level": "medium",
      "verified": true,
      "documentation": "https://github.com/anthropics/mcp-servers"
    },
    {
      "id": "modelcontextprotocol-filesystem",
      "name": "Filesystem",
      "provider": "Model Context Protocol",
      "package": "@modelcontextprotocol/server-filesystem",
      "type": "official",
      "capabilities": ["file-read", "file-write", "directory-list"],
      "risk_level": "high",
      "verified": true,
      "documentation": "https://github.com/modelcontextprotocol/servers"
    },
    {
      "id": "modelcontextprotocol-github",
      "name": "GitHub",
      "provider": "Model Context Protocol",
      "package": "@modelcontextprotocol/server-github",
      "endpoint": "https://api.githubcopilot.com/mcp/",
      "type": "official",
      "capabilities": ["repo-read", "repo-write", "issue-manage", "pr-manage"],
      "risk_level": "high",
      "verified": true,
      "documentation": "https://github.com/modelcontextprotocol/servers"
    },
    {
      "id": "github-official",
      "name": "GitHub",
      "provider": "GitHub",
      "package": "github-mcp-server",
      "endpoint": "https://mcp.github.com",
      "type": "vendor",
      "capabilities": ["repo-read", "repo-write", "issue-manage", "pr-manage", "code-search"],
      "risk_level": "high",
      "verified": true,
      "documentation": "https://github.com/github/github-mcp-server"
    },
    {
      "id": "modelcontextprotocol-gitlab",
      "name": "GitLab",
      "provider": "Model Context Protocol",
      "package": "@modelcontextprotocol/server-gitlab",
      "type": "official",
      "capabilities": ["repo-read", "repo-write", "issue-manage", "mr-manage"],
      "risk_level": "high",
      "verified": true,
      "documentation": "https://github.com/modelcontextprotocol/servers"
    },
    {
      "id": "modelcontextprotocol-google-drive",
      "name": "Google Drive",
      "provider": "Model Context Protocol",
      "package": "@modelcontextprotocol/server-google-drive",
      "type": "official",
      "capabilities": ["file-read", "file-write", "file-share"],
      "risk_level": "high",
      "verified": true,
      "documentation": "https://github.com/modelcontextprotocol/servers"
    },
    {
      "id": "modelcontextprotocol-slack",
      "name": "Slack",
      "provider": "Model Context Protocol",
      "package": "@modelcontextprotocol/server-slack",
      "type": "official",
      "capabilities": ["message-read", "message-write", "channel-list", "user-list"],
      "risk_level": "medium",
      "verified": true,
      "documentation": "https://github.com/modelcontextprotocol/servers"
    },
    {
      "id": "modelcontextprotocol-postgres",
      "name": "PostgreSQL",
      "provider": "Model Context Protocol",
      "package": "@modelcontextprotocol/server-postgres",
      "type": "official",
      "capabilities": ["database-read", "database-write", "query-execute"],
      "risk_level": "critical",
      "verified": true,
      "documentation": "https://github.com/modelcontextprotocol/servers"
    },
    {
      "id": "modelcontextprotocol-sqlite",
      "name": "SQLite",
      "provider": "Model Context Protocol",
      "package": "@modelcontextprotocol/server-sqlite",
      "type": "official",
      "capabilities": ["database-read", "database-write", "query-execute"],
      "risk_level": "high",
      "verified": true,
      "documentation": "https://github.com/modelcontextprotocol/servers"
    },
    {
      "id": "modelcontextprotocol-memory",
      "name": "Memory",
      "provider": "Model Context Protocol",
      "package": "@modelcontextprotocol/server-memory",
      "type": "official",
      "capabilities": ["knowledge-store", "knowledge-retrieve"],
      "risk_level": "low",
      "verified": true,
      "documentation": "https://github.com/modelcontextprotocol/servers"
    },
    {
      "id": "modelcontextprotocol-puppeteer",
      "name": "Puppeteer",
      "provider": "Model Context Protocol",
      "package": "@modelcontextprotocol/server-puppeteer",
      "type": "official",
      "capabilities": ["browser-control", "screenshot", "navigation", "form-fill"],
      "risk_level": "critical",
      "verified": true,
      "documentation": "https://github.com/modelcontextprotocol/servers"
    },
    {
      "id": "modelcontextprotocol-brave-search",
      "name": "Brave Search",
      "provider": "Model Context Protocol",
      "package": "@modelcontextprotocol/server-brave-search",
      "type": "official",
      "capabilities": ["web-search"],
      "risk_level": "low",
      "verified": true,
      "documentation": "https://github.com/modelcontextprotocol/servers"
    },
    {
      "id": "modelcontextprotocol-fetch",
      "name": "Fetch",
      "provider": "Model Context Protocol",
      "package": "@modelcontextprotocol/server-fetch",
      "type": "official",
      "capabilities": ["http-request", "web-scrape"],
      "risk_level": "medium",
      "verified": true,
      "documentation": "https://github.com/modelcontextprotocol/servers"
    },
    {
      "id": "asana-mcp",
      "name": "Asana",
      "provider": "Asana",
      "package": "asana-mcp",
      "endpoint": "https://mcp.asana.com/sse",
      "type": "vendor",
      "capabilities": ["task-read", "task-write", "project-read", "project-write"],
      "risk_level": "medium",
      "verified": true,
      "documentation": "https://developers.asana.com/docs/using-asanas-mcp-server"
    },
    {
      "id": "linear-mcp",
      "name": "Linear",
      "provider": "Linear",
      "package": "linear-mcp",
      "endpoint": "https://mcp.linear.app",
      "type": "vendor",
      "capabilities": ["issue-read", "issue-write", "project-read"],
      "risk_level": "medium",
      "verified": true,
      "documentation": "https://linear.app/docs"
    },
    {
      "id": "notion-mcp",
      "name": "Notion",
      "provider": "Notion",
      "package": "notion-mcp",
      "type": "vendor",
      "capabilities": ["page-read", "page-write", "database-query"],
      "risk_level": "medium",
      "verified": true,
      "documentation": "https://developers.notion.com"
    },
    {
      "id": "jira-mcp",
      "name": "Jira",
      "provider": "Atlassian",
      "package": "jira-mcp",
      "type": "vendor",
      "capabilities": ["issue-read", "issue-write", "project-read", "comment-write"],
      "risk_level": "medium",
      "verified": true,
      "documentation": "https://developer.atlassian.com"
    },
    {
      "id": "confluence-mcp",
      "name": "Confluence",
      "provider": "Atlassian",
      "package": "confluence-mcp",
      "type": "vendor",
      "capabilities": ["page-read", "page-write", "space-read"],
      "risk_level": "medium",
      "verified": true,
      "documentation": "https://developer.atlassian.com"
    },
    {
      "id": "airtable-mcp",
      "name": "Airtable",
      "provider": "Airtable",
      "package": "airtable-mcp",
      "type": "vendor",
      "capabilities": ["record-read", "record-write", "base-read"],
      "risk_level": "medium",
      "verified": true,
      "documentation": "https://airtable.com/developers"
    },
    {
      "id": "monday-mcp",
      "name": "Monday.com",
      "provider": "Monday.com",
      "package": "monday-mcp",
      "type": "vendor",
      "capabilities": ["item-read", "item-write", "board-read"],
      "risk_level": "medium",
      "verified": true,
      "documentation": "https://developer.monday.com"
    },
    {
      "id": "hubspot-mcp",
      "name": "HubSpot",
      "provider": "HubSpot",
      "package": "hubspot-mcp",
      "type": "vendor",
      "capabilities": ["contact-read", "contact-write", "deal-read", "deal-write"],
      "risk_level": "high",
      "verified": true,
      "documentation": "https://developers.hubspot.com"
    },
    {
      "id": "salesforce-mcp",
      "name": "Salesforce",
      "provider": "Salesforce",
      "package": "salesforce-mcp",
      "type": "vendor",
      "capabilities": ["record-read", "record-write", "query-execute"],
      "risk_level": "high",
      "verified": true,
      "documentation": "https://developer.salesforce.com"
    },
    {
      "id": "zendesk-mcp",
      "name": "Zendesk",
      "provider": "Zendesk",
      "package": "zendesk-mcp",
      "type": "vendor",
      "capabilities": ["ticket-read", "ticket-write", "user-read"],
      "risk_level": "medium",
      "verified": true,
      "documentation": "https://developer.zendesk.com"
    },
    {
      "id": "intercom-mcp",
      "name": "Intercom",
      "provider": "Intercom",
      "package": "intercom-mcp",
      "type": "vendor",
      "capabilities": ["conversation-read", "conversation-write", "contact-read"],
      "risk_level": "medium",
      "verified": true,
      "documentation": "https://developers.intercom.com"
    },
    {
      "id": "twilio-mcp",
      "name": "Twilio",
      "provider": "Twilio",
      "package": "twilio-mcp",
      "type": "vendor",
      "capabilities": ["sms-send", "call-make", "message-read"],
      "risk_level": "high",
      "verified": true,
      "documentation": "https://www.twilio.com/docs"
    },
    {
      "id": "sendgrid-mcp",
      "name": "SendGrid",
      "provider": "Twilio",
      "package": "sendgrid-mcp",
      "type": "vendor",
      "capabilities": ["email-send", "template-read"],
      "risk_level": "medium",
      "verified": true,
      "documentation": "https://docs.sendgrid.com"
    },
    {
      "id": "stripe-mcp",
      "name": "Stripe",
      "provider": "Stripe",
      "package": "stripe-mcp",
      "type": "vendor",
      "capabilities": ["payment-read", "customer-read", "invoice-read"],
      "risk_level": "critical",
      "verified": true,
      "documentation": "https://stripe.com/docs"
    },
    {
      "id": "aws-mcp",
      "name": "AWS",
      "provider": "Amazon",
      "package": "aws-mcp",
      "type": "vendor",
      "capabilities": ["s3-access", "lambda-invoke", "dynamodb-access"],
      "risk_level": "critical",
      "verified": true,
      "documentation": "https://aws.amazon.com/developer"
    },
    {
      "id": "gcp-mcp",
      "name": "Google Cloud",
      "provider": "Google",
      "package": "gcp-mcp",
      "type": "vendor",
      "capabilities": ["storage-access", "bigquery-access", "functions-invoke"],
      "risk_level": "critical",
      "verified": true,
      "documentation": "https://cloud.google.com/docs"
    },
    {
      "id": "azure-mcp",
      "name": "Azure",
      "provider": "Microsoft",
      "package": "azure-mcp",
      "type": "vendor",
      "capabilities": ["storage-access", "function-invoke", "cosmosdb-access"],
      "risk_level": "critical",
      "verified": true,
      "documentation": "https://docs.microsoft.com/azure"
    },
    {
      "id": "datadog-mcp",
      "name": "Datadog",
      "provider": "Datadog",
      "package": "datadog-mcp",
      "type": "vendor",
      "capabilities": ["metrics-read", "logs-read", "dashboard-read"],
      "risk_level": "medium",
      "verified": true,
      "documentation": "https://docs.datadoghq.com"
    },
    {
      "id": "pagerduty-mcp",
      "name": "PagerDuty",
      "provider": "PagerDuty",
      "package": "pagerduty-mcp",
      "type": "vendor",
      "capabilities": ["incident-read", "incident-write", "schedule-read"],
      "risk_level": "medium",
      "verified": true,
      "documentation": "https://developer.pagerduty.com"
    },
    {
      "id": "sentry-mcp",
      "name": "Sentry",
      "provider": "Sentry",
      "package": "sentry-mcp",
      "type": "vendor",
      "capabilities": ["error-read", "project-read", "issue-manage"],
      "risk_level": "low",
      "verified": true,
      "documentation": "https://docs.sentry.io"
    },
    {
      "id": "figma-mcp",
      "name": "Figma",
      "provider": "Figma",
      "package": "figma-mcp",
      "type": "vendor",
      "capabilities": ["file-read", "component-read", "comment-read"],
      "risk_level": "low",
      "verified": true,
      "documentation": "https://www.figma.com/developers"
    },
    {
      "id": "dropbox-mcp",
      "name": "Dropbox",
      "provider": "Dropbox",
      "package": "dropbox-mcp",
      "type": "vendor",
      "capabilities": ["file-read", "file-write", "share-manage"],
      "risk_level": "high",
      "verified": true,
      "documentation": "https://www.dropbox.com/developers"
    },
    {
      "id": "box-mcp",
      "name": "Box",
      "provider": "Box",
      "package": "box-mcp",
      "type": "vendor",
      "capabilities": ["file-read", "file-write", "folder-manage"],
      "risk_level": "high",
      "verified": true,
      "documentation": "https://developer.box.com"
    },
    {
      "id": "discord-mcp",
      "name": "Discord",
      "provider": "Discord",
      "package": "discord-mcp",
      "type": "community",
      "capabilities": ["message-read", "message-write", "channel-manage"],
      "risk_level": "medium",
      "verified": false,
      "documentation": "https://discord.com/developers"
    },
    {
      "id": "telegram-mcp",
      "name": "Telegram",
      "provider": "Community",
      "package": "telegram-mcp",
      "type": "community",
      "capabilities": ["message-read", "message-write"],
      "risk_level": "medium",
      "verified": false,
      "documentation": "https://core.telegram.org"
    },
    {
      "id": "todoist-mcp",
      "name": "Todoist",
      "provider": "Doist",
      "package": "todoist-mcp",
      "type": "vendor",
      "capabilities": ["task-read", "task-write", "project-read"],
      "risk_level": "low",
      "verified": true,
      "documentation": "https://developer.todoist.com"
    },
    {
      "id": "trello-mcp",
      "name": "Trello",
      "provider": "Atlassian",
      "package": "trello-mcp",
      "type": "vendor",
      "capabilities": ["card-read", "card-write", "board-read"],
      "risk_level": "low",
      "verified": true,
      "documentation": "https://developer.atlassian.com/cloud/trello"
    },
    {
      "id": "clickup-mcp",
      "name": "ClickUp",
      "provider": "ClickUp",
      "package": "clickup-mcp",
      "type": "vendor",
      "capabilities": ["task-read", "task-write", "space-read"],
      "risk_level": "medium",
      "verified": true,
      "documentation": "https://clickup.com/api"
    },
    {
      "id": "shopify-mcp",
      "name": "Shopify",
      "provider": "Shopify",
      "package": "shopify-mcp",
      "type": "vendor",
      "capabilities": ["order-read", "product-read", "customer-read"],
      "risk_level": "high",
      "verified": true,
      "documentation": "https://shopify.dev"
    },
    {
      "id": "quickbooks-mcp",
      "name": "QuickBooks",
      "provider": "Intuit",
      "package": "quickbooks-mcp",
      "type": "vendor",
      "capabilities": ["invoice-read", "customer-read", "account-read"],
      "risk_level": "critical",
      "verified": true,
      "documentation": "https://developer.intuit.com"
    },
    {
      "id": "xero-mcp",
      "name": "Xero",
      "provider": "Xero",
      "package": "xero-mcp",
      "type": "vendor",
      "capabilities": ["invoice-read", "contact-read", "account-read"],
      "risk_level": "critical",
      "verified": true,
      "documentation": "https://developer.xero.com"
    }
  ],
  "risk_definitions": {
    "critical": "Full access to sensitive systems (databases, cloud infrastructure, financial data)",
    "high": "Write access to important data or systems",
    "medium": "Read/write access to business data",
    "low": "Read-only or limited scope access"
  },
  "type_definitions": {
    "official": "Maintained by Anthropic or Model Context Protocol org",
    "vendor": "Maintained by the service provider",
    "community": "Community-maintained, not officially supported"
  }
}
